0;…
15258;I was a ghost, I was alone (hah)
18672;Eoduwojin apgilsoge (Hah)
23853;Given the throne, I didn't know how to believe
28154;I was the queen that I'm meant to be
31489;I lived two lives, tried to play both sides
34744;But I couldn't find my own place
38602;Called a problem child 'cause I got too wild
42579;But now that's how I'm getting paid, kkeuteopsi on stage
46478;I'm done hidin', now I'm shinin' like I'm born to be
54469;We dreamin' hard, we came so far, now I believe
62100;We're goin' up, up, up, it's our moment
65314;You know together we're glowin'
67612;Gonna be, gonna be golden
70145;Oh-oh-oh, up, up, up with our voices
73593;Yeongwonhi kkaejil su еomneun
75440;Gonna be, gonna be golden
77294;Oh-oh-oh, I'm done hidin', now I'm shinin' like I'm born to be
85447;Oh, our time, no fears, no lies
89184;That's who we're born to be
93322;Waited so long to break these walls down
98945;To wake up and feel like me
103083;Put these patterns all in the past now
107220;And finally live like the girl they all see
111520;No more hiding, I'll be shinin' like I'm born to be
119393;'Cause we are hunters, voices strong, and I know I believe
127144;We're goin' up, up, up, it's our moment
130802;You know together we're glowin'
133739;Gonna be, gonna be golden
136228;Oh-oh-oh, up, up, up with our voices
138519;Yeongwonhi kkaejil su eomneun
140646;Gonna be, gonna be golden
143142;Oh-oh-oh, I'm done hidin', now I'm shinin' like I'm born to be
150210;Oh, our time, no fears, no lies
154548;That's who we're born to be
158607;You know we're gonna be, gonna be golden
161139;We're gonna be, gonna be
163031;Born to be, born to be glowin'
165002;Balkge bitnaneun urin
166692;You know that it's our time, no fears, no lies
170549;That's who we're born to be
